species,value_N,value_S
Campanula_thyrsoides,0.6655038226939335,0.9297775577715698
